region,prefecture,city
20/100地域,東京都,千代田区
20/100地域,東京都,中央区
20/100地域,東京都,港区
20/100地域,東京都,新宿区
20/100地域,東京都,文京区
20/100地域,東京都,台東区
20/100地域,東京都,墨田区
20/100地域,東京都,江東区
20/100地域,東京都,品川区
20/100地域,東京都,目黒区
20/100地域,東京都,大田区
20/100地域,東京都,世田谷区
20/100地域,東京都,渋谷区
20/100地域,東京都,中野区
20/100地域,東京都,杉並区
20/100地域,東京都,豊島区
20/100地域,東京都,北区
20/100地域,東京都,荒川区
20/100地域,東京都,板橋区
20/100地域,東京都,練馬区
20/100地域,東京都,足立区
20/100地域,東京都,葛飾区
20/100地域,東京都,江戸川区
16/100地域,茨城県,取手市
16/100地域,茨城県,つくば市
16/100地域,埼玉県,和光市
16/100地域,千葉県,我孫子市
16/100地域,東京都,武蔵野市
16/100地域,東京都,調布市
16/100地域,東京都,町田市
16/100地域,東京都,小平市
16/100地域,東京都,日野市
16/100地域,東京都,国分寺市
16/100地域,東京都,狛江市
16/100地域,東京都,清瀬市
16/100地域,東京都,多摩市
16/100地域,神奈川県,横浜市
16/100地域,神奈川県,川崎市
16/100地域,神奈川県,厚木市
16/100地域,愛知県,刈谷市
16/100地域,愛知県,豊田市
16/100地域,愛知県,日進市
16/100地域,京都府,長岡京市
16/100地域,大阪府,大阪市
16/100地域,大阪府,守口市
15/100地域,茨城県,守谷市
15/100地域,埼玉県,さいたま市
15/100地域,埼玉県,蕨市
15/100地域,埼玉県,志木市
15/100地域,千葉県,千葉市
15/100地域,千葉県,成田市
15/100地域,千葉県,習志野市
15/100地域,千葉県,栄町
15/100地域,東京都,八王子市
15/100地域,東京都,三鷹市
15/100地域,東京都,青梅市
15/100地域,東京都,府中市
15/100地域,東京都,昭島市
15/100地域,東京都,小金井市
15/100地域,東京都,東村山市
15/100地域,東京都,国立市
15/100地域,東京都,福生市
15/100地域,東京都,東久留米市
15/100地域,東京都,稲城市
15/100地域,東京都,西東京市
15/100地域,神奈川県,鎌倉市
15/100地域,神奈川県,逗子市
15/100地域,静岡県,裾野市
15/100地域,愛知県,名古屋市
15/100地域,愛知県,豊明市
15/100地域,大阪府,池田市
15/100地域,大阪府,高槻市
15/100地域,大阪府,大東市
15/100地域,大阪府,門真市
15/100地域,大阪府,高石市
15/100地域,大阪府,大阪狭山市
15/100地域,兵庫県,西宮市
15/100地域,兵庫県,芦屋市
15/100地域,兵庫県,宝塚市
12/100地域,茨城県,牛久市
12/100地域,埼玉県,東松山市
12/100地域,埼玉県,狭山市
12/100地域,埼玉県,朝霞市
12/100地域,埼玉県,ふじみ野市
12/100地域,千葉県,船橋市
12/100地域,千葉県,浦安市
12/100地域,東京都,立川市
12/100地域,東京都,東大和市
12/100地域,神奈川県,相模原市
12/100地域,神奈川県,藤沢市
12/100地域,神奈川県,海老名市
12/100地域,神奈川県,座間市
12/100地域,神奈川県,愛川町
12/100地域,三重県,鈴鹿市
12/100地域,京都府,京田辺市
12/100地域,大阪府,豊中市
12/100地域,大阪府,吹田市
12/100地域,大阪府,寝屋川市
12/100地域,大阪府,松原市
12/100地域,大阪府,箕面市
12/100地域,大阪府,羽曳野市
12/100地域,兵庫県,神戸市
12/100地域,奈良県,天理市
10/100地域,宮城県,多賀城市
10/100地域,茨城県,水戸市
10/100地域,茨城県,日立市
10/100地域,茨城県,土浦市
10/100地域,茨城県,龍ヶ崎市
10/100地域,茨城県,稲敷市
10/100地域,茨城県,石岡市
10/100地域,茨城県,阿見町
10/100地域,埼玉県,新座市
10/100地域,埼玉県,桶川市
10/100地域,埼玉県,富士見市
10/100地域,埼玉県,坂戸市
10/100地域,埼玉県,鶴ヶ島市
10/100地域,千葉県,市川市
10/100地域,千葉県,松戸市
10/100地域,千葉県,佐倉市
10/100地域,千葉県,市原市
10/100地域,千葉県,八千代市
10/100地域,千葉県,富津市
10/100地域,千葉県,四街道市
10/100地域,東京都,あきる野市
10/100地域,東京都,羽村市
10/100地域,東京都,日の出町
10/100地域,東京都,檜原村
10/100地域,東京都,奥多摩町
10/100地域,神奈川県,横須賀市
10/100地域,神奈川県,平塚市
10/100地域,神奈川県,小田原市
10/100地域,神奈川県,茅ヶ崎市
10/100地域,神奈川県,三浦市
10/100地域,神奈川県,大和市
10/100地域,神奈川県,伊勢原市
10/100地域,神奈川県,綾瀬市
10/100地域,神奈川県,葉山町
10/100地域,神奈川県,寒川町
10/100地域,愛知県,西尾市
10/100地域,愛知県,知多市
10/100地域,愛知県,知立市
10/100地域,愛知県,清須市
10/100地域,愛知県,みよし市
10/100地域,愛知県,長久手市
10/100地域,愛知県,東郷町
10/100地域,三重県,四日市市
10/100地域,滋賀県,大津市
10/100地域,滋賀県,草津市
10/100地域,滋賀県,栗東市
10/100地域,京都府,京都市
10/100地域,京都府,向日市
10/100地域,大阪府,堺市
10/100地域,大阪府,枚方市
10/100地域,大阪府,茨木市
10/100地域,大阪府,八尾市
10/100地域,大阪府,柏原市
10/100地域,大阪府,摂津市
10/100地域,大阪府,藤井寺市
10/100地域,大阪府,東大阪市
10/100地域,大阪府,四條畷市
10/100地域,大阪府,交野市
10/100地域,大阪府,島本町
10/100地域,兵庫県,尼崎市
10/100地域,兵庫県,伊丹市
10/100地域,兵庫県,高砂市
10/100地域,兵庫県,川西市
10/100地域,兵庫県,三田市
10/100地域,奈良県,奈良市
10/100地域,奈良県,大和郡山市
10/100地域,奈良県,川西町
10/100地域,広島県,広島市
10/100地域,広島県,府中町
10/100地域,福岡県,福岡市
10/100地域,福岡県,春日市
10/100地域,福岡県,福津市
10/100地域,福岡県,糸島市
6/100地域,宮城県,仙台市
6/100地域,宮城県,富谷市
6/100地域,宮城県,七ヶ浜町
6/100地域,宮城県,大和町
6/100地域,茨城県,古河市
6/100地域,茨城県,常総市
6/100地域,茨城県,ひたちなか市
6/100地域,茨城県,坂東市
6/100地域,茨城県,神栖市
6/100地域,茨城県,つくばみらい市
6/100地域,茨城県,那珂市
6/100地域,茨城県,大洗町
6/100地域,茨城県,河内町
6/100地域,茨城県,五霞町
6/100地域,茨城県,境町
6/100地域,茨城県,利根町
6/100地域,茨城県,東海村
6/100地域,栃木県,宇都宮市
6/100地域,栃木県,大田原市
6/100地域,栃木県,さくら市
6/100地域,栃木県,下野市
6/100地域,栃木県,野木町
6/100地域,群馬県,高崎市
6/100地域,群馬県,明和町
6/100地域,埼玉県,川越市
6/100地域,埼玉県,川口市
6/100地域,埼玉県,行田市
6/100地域,埼玉県,所沢市
6/100地域,埼玉県,飯能市
6/100地域,埼玉県,加須市
6/100地域,埼玉県,春日部市
6/100地域,埼玉県,羽生市
6/100地域,埼玉県,鴻巣市
6/100地域,埼玉県,深谷市
6/100地域,埼玉県,上尾市
6/100地域,埼玉県,草加市
6/100地域,埼玉県,越谷市
6/100地域,埼玉県,戸田市
6/100地域,埼玉県,入間市
6/100地域,埼玉県,久喜市
6/100地域,埼玉県,北本市
6/100地域,埼玉県,八潮市
6/100地域,埼玉県,三郷市
6/100地域,埼玉県,蓮田市
6/100地域,埼玉県,幸手市
6/100地域,埼玉県,吉川市
6/100地域,埼玉県,白岡市
6/100地域,埼玉県,伊奈町
6/100地域,埼玉県,三芳町
6/100地域,埼玉県,川島町
6/100地域,埼玉県,鳩山町
6/100地域,埼玉県,ときがわ町
6/100地域,埼玉県,宮代町
6/100地域,埼玉県,杉戸町
6/100地域,埼玉県,松伏町
6/100地域,埼玉県,滑川町
6/100地域,千葉県,野田市
6/100地域,千葉県,茂原市
6/100地域,千葉県,東金市
6/100地域,千葉県,柏市
6/100地域,千葉県,流山市
6/100地域,千葉県,鎌ケ谷市
6/100地域,千葉県,白井市
6/100地域,千葉県,香取市
6/100地域,千葉県,大網白里市
6/100地域,千葉県,木更津市
6/100地域,千葉県,君津市
6/100地域,千葉県,酒々井町
6/100地域,千葉県,神崎町
6/100地域,千葉県,白子町
6/100地域,千葉県,長柄町
6/100地域,千葉県,長南町
6/100地域,神奈川県,秦野市
6/100地域,神奈川県,大磯町
6/100地域,神奈川県,二宮町
6/100地域,神奈川県,中井町
6/100地域,神奈川県,大井町
6/100地域,神奈川県,山北町
6/100地域,神奈川県,清川村
6/100地域,山梨県,甲府市
6/100地域,長野県,塩尻市
6/100地域,岐阜県,岐阜市
6/100地域,岐阜県,海津市
6/100地域,静岡県,静岡市
6/100地域,静岡県,沼津市
6/100地域,静岡県,磐田市
6/100地域,静岡県,御殿場市
6/100地域,愛知県,岡崎市
6/100地域,愛知県,一宮市
6/100地域,愛知県,瀬戸市
6/100地域,愛知県,春日井市
6/100地域,愛知県,豊川市
6/100地域,愛知県,津島市
6/100地域,愛知県,碧南市
6/100地域,愛知県,安城市
6/100地域,愛知県,蒲郡市
6/100地域,愛知県,犬山市
6/100地域,愛知県,江南市
6/100地域,愛知県,稲沢市
6/100地域,愛知県,東海市
6/100地域,愛知県,大府市
6/100地域,愛知県,尾張旭市
6/100地域,愛知県,高浜市
6/100地域,愛知県,岩倉市
6/100地域,愛知県,田原市
6/100地域,愛知県,愛西市
6/100地域,愛知県,北名古屋市
6/100地域,愛知県,弥富市
6/100地域,愛知県,あま市
6/100地域,愛知県,豊山町
6/100地域,愛知県,大治町
6/100地域,愛知県,蟹江町
6/100地域,愛知県,幸田町
6/100地域,愛知県,飛島村
6/100地域,三重県,津市
6/100地域,三重県,桑名市
6/100地域,三重県,亀山市
6/100地域,三重県,木曽岬町
6/100地域,滋賀県,彦根市
6/100地域,滋賀県,守山市
6/100地域,滋賀県,甲賀市
6/100地域,滋賀県,野洲市
6/100地域,京都府,宇治市
6/100地域,京都府,亀岡市
6/100地域,京都府,八幡市
6/100地域,京都府,南丹市
6/100地域,京都府,木津川市
6/100地域,京都府,城陽市
6/100地域,京都府,大山崎町
6/100地域,京都府,笠置町
6/100地域,京都府,和束町
6/100地域,京都府,精華町
6/100地域,京都府,久御山町
6/100地域,京都府,井手町
6/100地域,京都府,宇治田原町
6/100地域,京都府,南山城村
6/100地域,大阪府,岸和田市
6/100地域,大阪府,泉大津市
6/100地域,大阪府,貝塚市
6/100地域,大阪府,泉佐野市
6/100地域,大阪府,富田林市
6/100地域,大阪府,河内長野市
6/100地域,大阪府,和泉市
6/100地域,大阪府,泉南市
6/100地域,大阪府,阪南市
6/100地域,大阪府,豊能町
6/100地域,大阪府,能勢町
6/100地域,大阪府,忠岡町
6/100地域,大阪府,熊取町
6/100地域,大阪府,田尻町
6/100地域,大阪府,岬町
6/100地域,大阪府,太子町
6/100地域,大阪府,河南町
6/100地域,大阪府,千早赤阪村
6/100地域,兵庫県,明石市
6/100地域,兵庫県,赤穂市
6/100地域,兵庫県,丹波篠山市
6/100地域,兵庫県,猪名川町
6/100地域,奈良県,大和高田市
6/100地域,奈良県,橿原市
6/100地域,奈良県,生駒市
6/100地域,奈良県,香芝市
6/100地域,奈良県,葛城市
6/100地域,奈良県,御所市
6/100地域,奈良県,平群町
6/100地域,奈良県,三郷町
6/100地域,奈良県,斑鳩町
6/100地域,奈良県,安堵町
6/100地域,奈良県,上牧町
6/100地域,奈良県,王寺町
6/100地域,奈良県,広陵町
6/100地域,奈良県,河合町
6/100地域,和歌山県,和歌山市
6/100地域,和歌山県,橋本市
6/100地域,和歌山県,紀の川市
6/100地域,和歌山県,岩出市
6/100地域,和歌山県,かつらぎ町
6/100地域,香川県,高松市
6/100地域,福岡県,大野城市
6/100地域,福岡県,太宰府市
6/100地域,福岡県,那珂川市
6/100地域,福岡県,志免町
6/100地域,福岡県,新宮町
6/100地域,福岡県,粕屋町
6/100地域,佐賀県,佐賀市
6/100地域,佐賀県,吉野ヶ里町
3/100地域,北海道,札幌市
3/100地域,宮城県,塩釜市
3/100地域,宮城県,名取市
3/100地域,宮城県,村田町
3/100地域,宮城県,利府町
3/100地域,茨城県,結城市
3/100地域,茨城県,下妻市
3/100地域,茨城県,常陸太田市
3/100地域,茨城県,笠間市
3/100地域,茨城県,鹿嶋市
3/100地域,茨城県,潮来市
3/100地域,茨城県,筑西市
3/100地域,茨城県,桜川市
3/100地域,茨城県,茨城町
3/100地域,茨城県,城里町
3/100地域,茨城県,八千代町
3/100地域,栃木県,足利市
3/100地域,栃木県,栃木市
3/100地域,栃木県,佐野市
3/100地域,栃木県,鹿沼市
3/100地域,栃木県,日光市
3/100地域,栃木県,小山市
3/100地域,栃木県,真岡市
3/100地域,栃木県,上三川町
3/100地域,栃木県,芳賀町
3/100地域,栃木県,壬生町
3/100地域,群馬県,前橋市
3/100地域,群馬県,桐生市
3/100地域,群馬県,伊勢崎市
3/100地域,群馬県,太田市
3/100地域,群馬県,沼田市
3/100地域,群馬県,渋川市
3/100地域,群馬県,みどり市
3/100地域,群馬県,吉岡町
3/100地域,群馬県,東吾妻町
3/100地域,群馬県,玉村町
3/100地域,群馬県,板倉町
3/100地域,群馬県,千代田町
3/100地域,群馬県,大泉町
3/100地域,群馬県,榛東村
3/100地域,群馬県,昭和村
3/100地域,埼玉県,熊谷市
3/100地域,埼玉県,日高市
3/100地域,埼玉県,毛呂山町
3/100地域,埼玉県,越生町
3/100地域,埼玉県,嵐山町
3/100地域,埼玉県,吉見町
3/100地域,千葉県,鴨川市
3/100地域,千葉県,八街市
3/100地域,千葉県,富里市
3/100地域,千葉県,山武市
3/100地域,千葉県,多古町
3/100地域,千葉県,九十九里町
3/100地域,千葉県,芝山町
3/100地域,千葉県,大多喜町
3/100地域,東京都,武蔵村山市
3/100地域,東京都,瑞穂町
3/100地域,神奈川県,箱根町
3/100地域,新潟県,新潟市
3/100地域,富山県,富山市
3/100地域,富山県,南砺市
3/100地域,富山県,上市町
3/100地域,富山県,立山町
3/100地域,富山県,舟橋村
3/100地域,石川県,金沢市
3/100地域,石川県,津幡町
3/100地域,石川県,内灘町
3/100地域,福井県,福井市
3/100地域,山梨県,韮崎市
3/100地域,山梨県,南アルプス市
3/100地域,山梨県,北杜市
3/100地域,山梨県,甲斐市
3/100地域,山梨県,上野原市
3/100地域,山梨県,中央市
3/100地域,山梨県,市川三郷町
3/100地域,山梨県,早川町
3/100地域,山梨県,身延町
3/100地域,山梨県,南部町
3/100地域,山梨県,富士川町
3/100地域,山梨県,昭和町
3/100地域,山梨県,富士河口湖町
3/100地域,山梨県,道志村
3/100地域,長野県,長野市
3/100地域,長野県,松本市
3/100地域,長野県,上田市
3/100地域,長野県,岡谷市
3/100地域,長野県,飯田市
3/100地域,長野県,諏訪市
3/100地域,長野県,伊那市
3/100地域,長野県,大町市
3/100地域,長野県,茅野市
3/100地域,長野県,青木村
3/100地域,長野県,長和町
3/100地域,長野県,下諏訪町
3/100地域,長野県,辰野町
3/100地域,長野県,箕輪町
3/100地域,長野県,木曽町
3/100地域,長野県,南箕輪村
3/100地域,長野県,大鹿村
3/100地域,長野県,木祖村
3/100地域,長野県,山形村
3/100地域,長野県,朝日村
3/100地域,長野県,筑北村
3/100地域,岐阜県,大垣市
3/100地域,岐阜県,高山市
3/100地域,岐阜県,多治見市
3/100地域,岐阜県,関市
3/100地域,岐阜県,瑞浪市
3/100地域,岐阜県,羽島市
3/100地域,岐阜県,恵那市
3/100地域,岐阜県,美濃加茂市
3/100地域,岐阜県,土岐市
3/100地域,岐阜県,各務原市
3/100地域,岐阜県,可児市
3/100地域,岐阜県,山県市
3/100地域,岐阜県,瑞穂市
3/100地域,岐阜県,本巣市
3/100地域,岐阜県,岐南町
3/100地域,岐阜県,笠松町
3/100地域,岐阜県,神戸町
3/100地域,岐阜県,安八町
3/100地域,岐阜県,北方町
3/100地域,岐阜県,坂祝町
3/100地域,岐阜県,富加町
3/100地域,岐阜県,八百津町
3/100地域,岐阜県,御嵩町
3/100地域,静岡県,浜松市
3/100地域,静岡県,三島市
3/100地域,静岡県,富士宮市
3/100地域,静岡県,島田市
3/100地域,静岡県,富士市
3/100地域,静岡県,焼津市
3/100地域,静岡県,掛川市
3/100地域,静岡県,藤枝市
3/100地域,静岡県,袋井市
3/100地域,静岡県,湖西市
3/100地域,静岡県,函南町
3/100地域,静岡県,清水町
3/100地域,静岡県,長泉町
3/100地域,静岡県,小山町
3/100地域,静岡県,川根本町
3/100地域,静岡県,森町
3/100地域,愛知県,豊橋市
3/100地域,愛知県,半田市
3/100地域,愛知県,常滑市
3/100地域,愛知県,小牧市
3/100地域,愛知県,新城市
3/100地域,愛知県,大口町
3/100地域,愛知県,扶桑町
3/100地域,愛知県,阿久比町
3/100地域,愛知県,東浦町
3/100地域,愛知県,武豊町
3/100地域,愛知県,設楽町
3/100地域,三重県,名張市
3/100地域,三重県,いなべ市
3/100地域,三重県,伊賀市
3/100地域,三重県,東員町
3/100地域,三重県,菰野町
3/100地域,三重県,朝日町
3/100地域,三重県,川越町
3/100地域,滋賀県,長浜市
3/100地域,滋賀県,近江八幡市
3/100地域,滋賀県,湖南市
3/100地域,滋賀県,高島市
3/100地域,滋賀県,東近江市
3/100地域,滋賀県,米原市
3/100地域,滋賀県,日野町
3/100地域,滋賀県,竜王町
3/100地域,滋賀県,愛荘町
3/100地域,滋賀県,多賀町
3/100地域,兵庫県,姫路市
3/100地域,兵庫県,加古川市
3/100地域,兵庫県,三木市
3/100地域,兵庫県,小野市
3/100地域,兵庫県,加西市
3/100地域,兵庫県,加東市
3/100地域,兵庫県,稲美町
3/100地域,兵庫県,播磨町
3/100地域,奈良県,桜井市
3/100地域,奈良県,五條市
3/100地域,奈良県,宇陀市
3/100地域,奈良県,三宅町
3/100地域,奈良県,田原本町
3/100地域,奈良県,高取町
3/100地域,奈良県,吉野町
3/100地域,奈良県,山添村
3/100地域,奈良県,曽爾村
3/100地域,奈良県,明日香村
3/100地域,岡山県,岡山市
3/100地域,岡山県,玉野市
3/100地域,岡山県,備前市
3/100地域,岡山県,瀬戸内市
3/100地域,広島県,呉市
3/100地域,広島県,竹原市
3/100地域,広島県,三原市
3/100地域,広島県,大竹市
3/100地域,広島県,東広島市
3/100地域,広島県,廿日市市
3/100地域,広島県,安芸高田市
3/100地域,広島県,熊野町
3/100地域,広島県,安芸太田町
3/100地域,広島県,北広島町
3/100地域,広島県,世羅町
3/100地域,広島県,海田町
3/100地域,広島県,坂町
3/100地域,山口県,岩国市
3/100地域,山口県,周南市
3/100地域,山口県,和木町
3/100地域,徳島県,徳島市
3/100地域,徳島県,鳴門市
3/100地域,徳島県,小松島市
3/100地域,徳島県,阿南市
3/100地域,徳島県,美馬市
3/100地域,徳島県,勝浦町
3/100地域,徳島県,松茂町
3/100地域,徳島県,北島町
3/100地域,徳島県,藍住町
3/100地域,香川県,坂出市
3/100地域,香川県,さぬき市
3/100地域,香川県,東かがわ市
3/100地域,香川県,三木町
3/100地域,香川県,綾川町
3/100地域,福岡県,北九州市
3/100地域,福岡県,飯塚市
3/100地域,福岡県,筑紫野市
3/100地域,福岡県,古賀市
3/100地域,福岡県,宮若市
3/100地域,福岡県,宇美町
3/100地域,福岡県,篠栗町
3/100地域,福岡県,須恵町
3/100地域,福岡県,久山町
3/100地域,佐賀県,鳥栖市
3/100地域,佐賀県,基山町
3/100地域,長崎県,長崎市
